[
    {
      "_id": "Q101",
      "title": "Propulsion Quiz",
      "course": "RS101",
      "available_from_date": "2024-05-06T00:00",
      "available_until_date": "",
      "due_date": "2024-05-13T23:59",
      "description": "Propulsion Quiz description",
      "points": "100",
      "group": "QUIZZES",
      "display_grade": "Percentage",
      "submission_type": "Online",
      "assign_to": "Everyone"
    },
    {
      "_id": "Q102",
      "title": "Combustion Analysis",
      "course": "RS101",
      "available_from_date": "2024-05-14T00:00",
      "available_until_date": "",
      "due_date": "2024-05-21T23:59",
      "description": "Combustion Analysis description",
      "points": "70",
      "group": "QUIZZES",
      "display_grade": "Percentage",
      "submission_type": "Online",
      "assign_to": "Everyone"
    },
    {
      "_id": "Q103",
      "title": "Nozzle Design Project",
      "course": "RS101",
      "available_from_date": "2024-05-22T00:00",
      "available_until_date": "",
      "due_date": "2024-05-29T23:59",
      "description": "Nozzle Design Project description",
      "points": "90",
      "group": "QUIZZES",
      "display_grade": "Percentage",
      "submission_type": "Online",
      "assign_to": "Everyone"
    },
    {
      "_id": "Q201",
      "title": "Aerodynamics Quiz",
      "course": "RS102",
      "available_from_date": "2024-05-06T00:00",
      "available_until_date": "",
      "due_date": "2024-05-13T23:59",
      "description": "Aerodynamics Quiz description",
      "points": "80",
      "group": "QUIZZES",
      "display_grade": "Percentage",
      "submission_type": "Online",
      "assign_to": "Everyone"
    },
    {
      "_id": "Q202",
      "title": "Flow Analysis",
      "course": "RS102",
      "available_from_date": "2024-05-14T00:00",
      "available_until_date": "",
      "due_date": "2024-05-21T23:59",
      "description": "Flow Analysis",
      "points": "10",
      "group": "QUIZZES",
      "display_grade": "Percentage",
      "submission_type": "Online",
      "assign_to": "Everyone"
    },
    {
      "_id": "Q203",
      "title": "Heating Analysis",
      "course": "RS102",
      "available_from_date": "2024-05-22T00:00",
      "available_until_date": "",
      "due_date": "2024-05-29T23:59",
      "description": "Heating Analysis description",
      "points": "100",
      "group": "QUIZZES",
      "display_grade": "Percentage",
      "submission_type": "Online",
      "assign_to": "Everyone"
    },
    {
      "_id": "Q301",
      "title": "Structural Design Task",
      "course": "RS103",
      "available_from_date": "2024-05-06T00:00",
      "available_until_date": "",
      "due_date": "2024-05-13T23:59",
      "description": "Structural Design Task description",
      "points": "100",
      "group": "QUIZZES",
      "display_grade": "Percentage",
      "submission_type": "Online",
      "assign_to": "Everyone"
    },
    {
      "_id": "A302",
      "title": "Orbital Calculations",
      "course": "RS103",
      "available_from_date": "2024-05-14T00:00",
      "available_until_date": "",
      "due_date": "2024-05-21T23:59",
      "description": "Orbital Calculations description",
      "points": "50",
      "group": "QUIZZES",
      "display_grade": "Percentage",
      "submission_type": "Online",
      "assign_to": "Everyone"
    },
    {
      "_id": "Q303",
      "title": "Systems Engineering Exam",
      "course": "RS103",
      "available_from_date": "2024-05-22T00:00",
      "available_until_date": "",
      "due_date": "2024-05-29T23:59",
      "description": "Systems Engineering Exam description",
      "points": "10",
      "group": "QUIZZES",
      "display_grade": "Percentage",
      "submission_type": "Online",
      "assign_to": "Everyone"
    }
  ]
  